key,collector_row,domain,category,english,english_variants,kinyarwanda,kinyarwanda_variants,example_rw,contributor,change,provenance,note,source_type,recorded,pool_route,pilot
S84,Sarah 84,Diagnostics,Diagnostics,A stool sample,,Umusarane,,Muganga antumye umusarane.,Sarah Izabayo,Kept,"Recorded by Sarah Izabayo, 7 Aug 2026 (Community health worker).",,Community health worker,7 Aug 2026,As filed,no
S228,Sarah 228,Diagnostics,Diagnostics,Angiography,,Isuzuma ry'imiyoboro y'amaraso,,Isuzuma ry'imiyoboro y'amaraso ribaho iyo hakekwaho kuziba kwayo,Sarah Izabayo,Kept,"Recorded by Sarah Izabayo, 18 Aug 2026 (Research document).",,Research document,18 Aug 2026,As filed,no
S235,Sarah 235,Diagnostics,Diagnostics,Antigen testing,,Gupima ibimenyetso by'udukoko mu mubiri,,Nyuma yo kwiyumva nabi yasabye muganga we gupima ibimenyetso by'udukoko mu mubiri,Sarah Izabayo,Kept,"Recorded by Sarah Izabayo, 18 Aug 2026 (Research document).",,Research document,18 Aug 2026,As filed,no
V337,Virginie 337,Diagnostics,Diagnostics,Arthroscopy,,Gusuzuma ingingo ukoresheje akuma,,Gusuzuma ingingo ukoresheje akuma gafite kamera bifasha muganga gusuzuma imbere mu ngingo,Virginie Mpuhwezimana,Kept,"Recorded by Virginie Mpuhwezimana, 25 Aug 2026 (Other).",,Other,25 Aug 2026,Moved in (26 Sep),no
V340,Virginie 340,Diagnostics,Diagnostics,Auscultation,,Gutegesha amatwi kwa muganga mu isuzuma,,,Christophe Mumaragishyika,Correction,"Recorded by Virginie Mpuhwezimana, 25 Aug 2026 (Hospital or clinic). Editor's correction, September 2026; the collector's rendering is not published.",The collector's rendering named the instrument (the stethoscope).,Hospital or clinic,25 Aug 2026,As filed,no
V13,Virginie 13,Diagnostics,Diagnostics,Autopsy,,Isuzuma ry'umurambo,,Iyo umuntu apfuye bitunguranye umurambo we ukorerwa isuzumwa,Virginie Mpuhwezimana,Kept,"Recorded by Virginie Mpuhwezimana, 3 Aug 2026 (Hospital or clinic).",,Hospital or clinic,3 Aug 2026,Editor's call (26 Sep),no
V343,Virginie 343,Diagnostics,Diagnostics,Bacteriology,,Ubushakashatsi ku dukoko,,Ubushakashatsi ku dukoko rikorwa n'ishami ry'ubumenyi ryiga bagiteri,Virginie Mpuhwezimana,Kept,"Recorded by Virginie Mpuhwezimana, 25 Aug 2026 (Other).",,Other,25 Aug 2026,Moved in (26 Sep),no
V346,Virginie 346,Diagnostics,Diagnostics,Biochemistry,,Ubumenyi k'ubinyabuzima,,Ubumenyi ku binyabuzima bukorwa ku mikorere y'umubiri ku rwego rw'uturemangingo,Virginie Mpuhwezimana,Kept,"Recorded by Virginie Mpuhwezimana, 26 Aug 2026 (Hospital or clinic).",,Hospital or clinic,26 Aug 2026,As filed,no
V200,Virginie 200,Diagnostics,Diagnostics,Biopsy,,Isuzuma ngirangingo z'umubiri,,Isuzuma ngirangingo z'umubiri rifasha kumenya kanseri itaragera kure,Virginie Mpuhwezimana,Kept,"Recorded by Virginie Mpuhwezimana, 14 Aug 2026 (Hospital or clinic).",,Hospital or clinic,14 Aug 2026,As filed,no
S231,Sarah 231,Diagnostics,Diagnostics,Blood culture,,Isuzuma ngenzurabwandu bw'amaraso,,Isuzuma ry'amaraso kugira ngo hamenyekane mikorobe itera ubwandu,Sarah Izabayo,Refinement,"Recorded by Sarah Izabayo, 18 Aug 2026 (Research document). Refined by the editor, September 2026.","Etymology (Khris): kugenzura, to look for; ubwandu, from kwandura, any germ entering the blood. Chosen over ngenzurabuziranenge so it is not read as the safety check on donated blood.",Research document,18 Aug 2026,As filed,no
V227,Virginie 227,Diagnostics,Diagnostics,Bone marrow aspiration,,Gufata urugero rw'umusokoro mu magufa,,Gufata urugero rw'umusokoro wo mu magufa byerekana ikibazo kiri mu mubiri vuba,Virginie Mpuhwezimana,Kept,"Recorded by Virginie Mpuhwezimana, 18 Aug 2026 (Hospital or clinic).",,Hospital or clinic,18 Aug 2026,Moved in (26 Sep),no
V349,Virginie 349,Diagnostics,Diagnostics,Bronchoscopy,,Isuzuma ry'imiyoboro y'ibihaha,,Isuzuma ry'imiyoboro yo mubihaha rikowa n'akuma gafite kamera ko kwa muganga,Virginie Mpuhwezimana,Kept,"Recorded by Virginie Mpuhwezimana, 26 Aug 2026 (Hospital or clinic).",,Hospital or clinic,26 Aug 2026,As filed,no
V351,Virginie 351,Diagnostics,Diagnostics,Capnography,,Gupima karuboni mu mwuka usohoka,,Gupima  umwuka wa karuboni usohoka bifasha kumnya ingano yawo umuntu asohora,Virginie Mpuhwezimana,Kept,"Recorded by Virginie Mpuhwezimana, 26 Aug 2026 (Hospital or clinic).",,Hospital or clinic,26 Aug 2026,As filed,no
S185,Sarah 185,Diagnostics,Diagnostics,Cervical screening,,Gusuzuma inkondo y'umura,,Yagiye kwa muganga batangira gusuzuma inkondo y'umura ngo  barebe ko nta cyangiritse.,Sarah Izabayo,Kept,"Recorded by Sarah Izabayo, 14 Aug 2026 (Research document).",,Research document,14 Aug 2026,Moved in (26 Sep),no
S232,Sarah 232,Diagnostics,Diagnostics,Coagulation profile,,Gusuzuma gutembera no gukama kw'amaraso,,Gusuzuma gutembera no gukama kw'amaraso byafasha muganga kugereranya ibipimo,Sarah Izabayo,Kept,"Recorded by Sarah Izabayo, 18 Aug 2026 (Research document).",,Research document,18 Aug 2026,As filed,no
V366,Virginie 366,Diagnostics,Diagnostics,Colonoscopy,,Isuzuma ry'amara manini,,Isuzuma ry'amara manini rikorwa n'akuma gafite kamera ko kwa muganga,Virginie Mpuhwezimana,Kept,"Recorded by Virginie Mpuhwezimana, 27 Aug 2026 (Other).",,Other,27 Aug 2026,Moved in (26 Sep),no
V369,Virginie 369,Diagnostics,Diagnostics,Computed tomography,,Gusuzumisha ibyuma by'imirasire,,Gusuzumisha ubyuma by'imirasire byihutisha kubona igisubizo,Virginie Mpuhwezimana,Kept,"Recorded by Virginie Mpuhwezimana, 27 Aug 2026 (Other).",,Other,27 Aug 2026,As filed,yes
V370,Virginie 370,Diagnostics,Diagnostics,Creatine kinase,,Poroteyine y'imikaya,,Poroteyine y'imikaya iboneka cyane mu mitsi bikorohera abaganga kubona ikibazo,Virginie Mpuhwezimana,Kept,"Recorded by Virginie Mpuhwezimana, 27 Aug 2026 (Hospital or clinic).",,Hospital or clinic,27 Aug 2026,As filed,no
V371,Virginie 371,Diagnostics,Diagnostics,Culture,,Isuzuma ry'udukoko,,Isuzuma ry'udukoko nko mu nkari byorohera umuganga kutubona,Virginie Mpuhwezimana,Kept,"Recorded by Virginie Mpuhwezimana, 27 Aug 2026 (Hospital or clinic).",,Hospital or clinic,27 Aug 2026,Moved in (26 Sep),no
S230,Sarah 230,Diagnostics,Diagnostics,Cystoscopy,,Gusuzuma mu ruhago rw'inkari,,Gusuzuma mu ruhago rw'inkari kubera uburibwe umurwayi afite ni ibyihutirwa,Sarah Izabayo,Kept,"Recorded by Sarah Izabayo, 18 Aug 2026 (Research document).",,Research document,18 Aug 2026,As filed,no
V373,Virginie 373,Diagnostics,Diagnostics,Cytology,,Isuzuma ry'uturemangingo,,Isuzuma ry'uturemangingo  rikorwa hagamijwe kureba niba hari kanseri yatwatatse,Virginie Mpuhwezimana,Kept,"Recorded by Virginie Mpuhwezimana, 27 Aug 2026 (Hospital or clinic).",,Hospital or clinic,27 Aug 2026,Label change (26 Sep),no
S238,Sarah 238,Diagnostics,Diagnostics,D-dimer test,,Isuzuma rireba kwibumba kw'amaraso,,Isuzuma rireba kwibumba kw'amaraso rifasha gushaka niba yarabumbiye mu mitsi,Sarah Izabayo,Kept,"Recorded by Sarah Izabayo, 18 Aug 2026 (Research document).",,Research document,18 Aug 2026,As filed,no
V380,Virginie 380,Diagnostics,Diagnostics,Densitometry,,Gupima ubucucike bw'amagufa,,Gupima ubucucike bw'amagufa cyane cyane harebwa niba afite ubucucike buhagije,Virginie Mpuhwezimana,Kept,"Recorded by Virginie Mpuhwezimana, 27 Aug 2026 (Hospital or clinic).",,Hospital or clinic,27 Aug 2026,As filed,no
S283,Sarah 283,Diagnostics,Diagnostics,Dermoscopy,,Isuzuma rirambuye ry'uruhu,,Isuzuma rirambuye ry'uruhu hakoreshejwe  igikoresho kibasha kurureba mu buryo buhagije,Sarah Izabayo,Kept,"Recorded by Sarah Izabayo, 20 Aug 2026 (Community health worker).",,Community health worker,20 Aug 2026,Moved in (26 Sep),yes
V382,Virginie 382,Diagnostics,Diagnostics,Diagnosis,,Isuzuma ry'indwara,,Isuzuma ry'indwara ni ukumenya indwara umuntu hashingiwe ku bimenyetso bigaragazwa n'ibizamini,Virginie Mpuhwezimana,Kept,"Recorded by Virginie Mpuhwezimana, 27 Aug 2026 (Hospital or clinic).",,Hospital or clinic,27 Aug 2026,As filed,no
S237,Sarah 237,Diagnostics,Diagnostics,Differential blood count,,Isuzumangano ryimbitse ry'ubudahangarwa bw'umubiri mu maraso,Isuzumangano ryimbitse ry'abasirikare b'umubiri mu maraso / Isuzumabusugire ryimbitse ry'ubudahangarwa bw'umubiri mu maraso / Isuzumabusugire ryimbitse ry'abasirikare b'umubiri mu maraso / Isuzumabuzima ryimbitse ry'ubudahangarwa bw'umubiri mu maraso / Isuzumabuzima ryimbitse ry'abasirikare b'umubiri mu maraso,,Christophe Mumaragishyika,Correction,"Recorded by Sarah Izabayo, 18 Aug 2026 (Research document). Editor's correction, September 2026; the collector's rendering is not published.","Etymology (Khris): isuzumangano, the count test; ryimbitse, detailed, each type measured separately; ubudahangarwa bw'umubiri, immunity, which white blood cells carry; mu maraso, the blood as the medium.",Research document,18 Aug 2026,As filed,no
V387,Virginie 387,Diagnostics,Diagnostics,Doppler ultrasound,,Kureba uko amaraso atembera mu miyoboro,,Kureba uko amaraso atembera mu miyoboro hakoreshejwe amajwi,Virginie Mpuhwezimana,Kept,"Recorded by Virginie Mpuhwezimana, 28 Aug 2026 (Hospital or clinic).",,Hospital or clinic,28 Aug 2026,Moved in (26 Sep),no
S224,Sarah 224,Diagnostics,Diagnostics,Echocardiography,,Icyuma gisuzuma umutima,,Icyuma gisuzuma umutima w'umurwayi mu gihe agaragaza ibimenyetso by'indwara,Sarah Izabayo,Kept,"Recorded by Sarah Izabayo, 18 Aug 2026 (Research document).",,Research document,18 Aug 2026,As filed,no
V388,Virginie 388,Diagnostics,Diagnostics,Electrocardiogram,,Kureba amashanyarazi y'umutima,,Kureba amashanyarazi y'umutima n'ukugirango barebe niba umutima utera neza,Virginie Mpuhwezimana,Kept,"Recorded by Virginie Mpuhwezimana, 28 Aug 2026 (Hospital or clinic).",,Hospital or clinic,28 Aug 2026,Moved in (19 or 26 Sep),no
S33,Sarah 33,Diagnostics,Diagnostics,Electrocardiography,,Ibipimo by'amashanyarazi y'umutima,,"Niba wumva ububabare mu gatuza, ni byiza gukora isuzumwa ry'ibipimo by'amashanyarazi y'umutima kugira ngo harebwe niba nta kibazo cy'imitsi gihari.",Sarah Izabayo,Kept,"Recorded by Sarah Izabayo, 4 Aug 2026 (Other).",,Other,4 Aug 2026,Moved in (19 or 26 Sep),no
V389,Virginie 389,Diagnostics,Diagnostics,Electroencephalogram,,Irebwa ry'amashanyarazi y'ubwonko,,Irebwa ry'amashanyarazi y'ubwonko bigaragaza ko bukora neza,Virginie Mpuhwezimana,Kept,"Recorded by Virginie Mpuhwezimana, 28 Aug 2026 (Hospital or clinic).",,Hospital or clinic,28 Aug 2026,Moved in (19 or 26 Sep),no
S225,Sarah 225,Diagnostics,Diagnostics,Electroencephalography,,Isuzuma ry'amashanyarazi y'ubwonko,,Isuzuma ry'amashanyarazi y'ubwonko riteye ubwoba,Sarah Izabayo,Kept,"Recorded by Sarah Izabayo, 18 Aug 2026 (Research document).",,Research document,18 Aug 2026,As filed,no
V390,Virginie 390,Diagnostics,Diagnostics,Electromyography,,Irebwa ry'imikorere y'imitsi n'imyakura,,Irebwa ry'imikorere y'imitsi n'imyakura niba bikora neza,Virginie Mpuhwezimana,Kept,"Recorded by Virginie Mpuhwezimana, 28 Aug 2026 (Hospital or clinic).",,Hospital or clinic,28 Aug 2026,Moved in (26 Sep),no
S229,Sarah 229,Diagnostics,Diagnostics,Endoscopy,,Kureba imbere mu rugingo,,Kureba imbere mu rugingo ngo hamenyekane neza ikibazo,Sarah Izabayo,Kept,"Recorded by Sarah Izabayo, 18 Aug 2026 (Research document).",,Research document,18 Aug 2026,As filed,no
V394,Virginie 394,Diagnostics,Diagnostics,Erythrocyte sedimentation rate,,Umuvuduko w'uturemangingo,,Umuvuduko w'uturemangingo tumanuka tujya mu maraso uba ari mwinshi,Virginie Mpuhwezimana,Kept,"Recorded by Virginie Mpuhwezimana, 28 Aug 2026 (Other).",,Other,28 Aug 2026,As filed,no
S93,Sarah 93,Diagnostics,Diagnostics,Etiology,,Igitera indwara,,Muganga ari gukora ibizami kugira ngo amenye igitera indwara y'umurwayi.,Sarah Izabayo,Kept,"Recorded by Sarah Izabayo, 7 Aug 2026 (Website or blog).",,Website or blog,7 Aug 2026,As filed,yes
S176,Sarah 176,Diagnostics,Diagnostics,FAST exam,,Isuzuma ryihuse,,Nyuma y'impanuka umurwayi agomba gukorerwa isuzuma ryihuse,Sarah Izabayo,Kept,"Recorded by Sarah Izabayo, 13 Aug 2026 (Textbook or manual).",Kept by Khris. English written FAST exam (Focused Assessment with Sonography in Trauma).,Textbook or manual,13 Aug 2026,Moved in (26 Sep),no
S227,Sarah 227,Diagnostics,Diagnostics,Fluoroscopy,,Ugufata amashusho y'imbere mu mubiri,,Ugufata amashusho y'imbere mu mubiri mu gusuzuma uko urugingo cyangwa ibintu biri mu mubiri bigenda hakoreshejwe icyuma cyabugenewe,Sarah Izabayo,Kept,"Recorded by Sarah Izabayo, 18 Aug 2026 (Research document).",,Research document,18 Aug 2026,As filed,no
V400,Virginie 400,Diagnostics,Diagnostics,Fundoscopy,,Isuzuma ry'imbere mu jisho,,Isuzuma ry'imbere mu jisho cyane cyane ahari imboni n'umutsi w'ijisho,Virginie Mpuhwezimana,Kept,"Recorded by Virginie Mpuhwezimana, 28 Aug 2026 (Hospital or clinic).",,Hospital or clinic,28 Aug 2026,As filed,no
S242,Sarah 242,Diagnostics,Diagnostics,Genetic sequencing,,Gusoma amakuru ndangamubiri abitse mu turemangingo,,Gusoma amakuru ndangamubiri abitse mu turemangingo kugira ngo hamenyekane impinduka zihariye,Sarah Izabayo,Kept,"Recorded by Sarah Izabayo, 18 Aug 2026 (Research document).",,Research document,18 Aug 2026,As filed,no
S175,Sarah 175,Diagnostics,Diagnostics,Glasgow Coma Scale (GCS),,Igipimo cyo gusuzuma ubwenge bw'umurwayi,,Hakwiye gukoreshwa igipimo cyo gusuzuma ubwenge bw'umurwayi mu gihe arembye,Sarah Izabayo,Kept,"Recorded by Sarah Izabayo, 13 Aug 2026 (Textbook or manual).",,Textbook or manual,13 Aug 2026,Moved in (26 Sep),no
V406,Virginie 406,Diagnostics,Diagnostics,Glycosuria,,Isukari mu nkari,,Isukari mu nkari akenshi iboneka iyo yabaye nyinshi mu maraso,Virginie Mpuhwezimana,Kept,"Recorded by Virginie Mpuhwezimana, 31 Aug 2026 (Hospital or clinic).",,Hospital or clinic,31 Aug 2026,As filed,no
V236,Virginie 236,Diagnostics,Diagnostics,Hematocrit,,Ingano y'uturemangingo dutukura tw'amaraso,,Ingano y'uturemangingo dutukura tw'amaraso ni twinshi,Virginie Mpuhwezimana,Kept,"Recorded by Virginie Mpuhwezimana, 18 Aug 2026 (Textbook or manual).",,Textbook or manual,18 Aug 2026,As filed,no
V237,Virginie 237,Diagnostics,Diagnostics,Hemoglobin level,,Ikigero cya poroteyine njyana mwuka mpumeko mu maraso,Ingano ya poroteyine njyana mwuka mpumeko mu maraso,,Christophe Mumaragishyika,Correction,"Recorded by Virginie Mpuhwezimana, 18 Aug 2026 (Textbook or manual). Editor's correction, September 2026; the collector's rendering is not published.","Built on Khris's name for hemoglobin: njyana, carries; mwuka mpumeko, oxygen; mu maraso, in the blood. The collector's rendering named the protein, not its level.",Textbook or manual,18 Aug 2026,Moved in (26 Sep),no
V414,Virginie 414,Diagnostics,Diagnostics,Histology,,Isuzuma ry'inyama z'umubiri,,Isuzuma ry'inyama z'umubiri hakoreshejwe ibikoresho byo  kwa muganga kugirango barebe uko ziteye n'uko zimeze,Virginie Mpuhwezimana,Kept,"Recorded by Virginie Mpuhwezimana, 31 Aug 2026 (Other).",,Other,31 Aug 2026,As filed,no
V415,Virginie 415,Diagnostics,Diagnostics,Histopathology,,Isuzuma ry'inyama zirwaye,,Isuzuma ry'inyama zirwaye hakoreshejwe ibyuma byo kwa muganga kugirango hamenyekane indwara zazifashe,Virginie Mpuhwezimana,Kept,"Recorded by Virginie Mpuhwezimana, 31 Aug 2026 (Hospital or clinic).",,Hospital or clinic,31 Aug 2026,As filed,no
V417,Virginie 417,Diagnostics,Diagnostics,Hyperkalemia,,Potasiyumu nyinshi mu maraso,,Potasiyumu nyinshi mu maraso ishobora gutuma umutima utera nabi,Virginie Mpuhwezimana,Kept,"Recorded by Virginie Mpuhwezimana, 31 Aug 2026 (Hospital or clinic).",,Hospital or clinic,31 Aug 2026,As filed,no
V418,Virginie 418,Diagnostics,Diagnostics,Hypernatremia,,Sodiyumu nyinshi mu maraso,,Sodiyumu nyinshi mu maraso ishobora gutera inyota nyinshi n'ibindi bitandukanye nko gufatwa n'ibinya/guta ubwenge,Virginie Mpuhwezimana,Kept,"Recorded by Virginie Mpuhwezimana, 31 Aug 2026 (Other).",,Other,31 Aug 2026,As filed,no
V420,Virginie 420,Diagnostics,Diagnostics,Hypokalemia,,Potasiyumu nke mu maraso,,Potasiyumu nke ishobora gutera intege nke z'imikaya no gutera nabi k'umutima,Virginie Mpuhwezimana,Kept,"Recorded by Virginie Mpuhwezimana, 31 Aug 2026 (Other).",,Other,31 Aug 2026,As filed,no
V421,Virginie 421,Diagnostics,Diagnostics,Hyponatremia,,Sodiyumu nke mu maraso,,Sodiyumu nke ishobora gutera umunaniro n'ibindi nayo yatera ibinya/kutagira ubwenge,Virginie Mpuhwezimana,Kept,"Recorded by Virginie Mpuhwezimana, 31 Aug 2026 (Hospital or clinic).",,Hospital or clinic,31 Aug 2026,As filed,no
S236,Sarah 236,Diagnostics,Diagnostics,Immunohistochemistry,,Kumenya intungamubiri mu turemangingo,,Kumenya intungamubiri mu turemangingo tw'inyama,Sarah Izabayo,Kept,"Recorded by Sarah Izabayo, 18 Aug 2026 (Research document).",,Research document,18 Aug 2026,As filed,no
S22,Sarah 22,Diagnostics,Diagnostics,Inspection,,Gusuzuma ukoresheje amaso,,Muganga ari gusuzuma akoresheje amaso,Sarah Izabayo,Kept,"Recorded by Sarah Izabayo, 3 Aug 2026 (Other).",,Other,3 Aug 2026,Moved in (26 Sep),no
S71,Sarah 71,Diagnostics,Diagnostics,Laboratory,,Isuzumiro ry'ibizami,,Jyana uwo musarane mu isuzumiro,Sarah Izabayo,Kept,"Recorded by Sarah Izabayo, 6 Aug 2026 (Community health worker).",,Community health worker,6 Aug 2026,As filed,no
S241,Sarah 241,Diagnostics,Diagnostics,Lumbar puncture,,Ukuvoma isuha y'urutirigongo,,Ukuvoma isuha y'urutirigongo no gufata amazi akikije ubwonko kugira ngo Bisuzumwe,Sarah Izabayo,Kept,"Recorded by Sarah Izabayo, 18 Aug 2026 (Research document).",,Research document,18 Aug 2026,As filed,yes
S226,Sarah 226,Diagnostics,Diagnostics,Mammography,,Isuzuma ry'amabere,,Isuzuma ry'amabere ni ngombwa ngo barebe niba hagaragara kimungu,Sarah Izabayo,Kept,"Recorded by Sarah Izabayo, 18 Aug 2026 (Research document).",,Research document,18 Aug 2026,As filed,no
S406,Sarah 406,Diagnostics,Diagnostics,Nutritional assessment,,Isuzuma ry'imirire,,Isuzuma ry'imirire hamwe n'imiterere y'umubiri muri rusange,Sarah Izabayo,Kept,"Recorded by Sarah Izabayo, 31 Aug 2026 (Textbook or manual).",,Textbook or manual,31 Aug 2026,Editor's call (26 Sep),no
S7,Sarah 7,Diagnostics,Diagnostics,Percussion,,Gukomanga ku mubiri mu isuzuma,,Gukomanga ku mubiri mu isuzuma muganga abikoresha kugira ngo yumve amajwi avuyemo akamenya uko ingingo z'imbere zimeze,Sarah Izabayo,Kept,"Recorded by Sarah Izabayo, 3 Aug 2026 (Community health worker).",,Community health worker,3 Aug 2026,Moved in (26 Sep),no
V419,Virginie 419,Diagnostics,Diagnostics,Platelet count,,Ingano y'uturemangingo dufasha amaraso kuvura,,Uturemangingo dufasha amaraso kuvura mu gihe twakomerete agahagarara kuva,Virginie Mpuhwezimana,Refinement,"Recorded by Virginie Mpuhwezimana, 31 Aug 2026 (Hospital or clinic). Refined by the editor, September 2026.",Ingano y' added by Khris; the collector's words name the platelets.,Hospital or clinic,31 Aug 2026,As filed,no
S243,Sarah 243,Diagnostics,Diagnostics,Point-of-care testing,,Isuzuma rikorwa hafi y'umurwayi,,Isuzuma rikorwa hafi y'umurwayi kandi ritanga igisubizo vuba,Sarah Izabayo,Kept,"Recorded by Sarah Izabayo, 18 Aug 2026 (Research document).",,Research document,18 Aug 2026,As filed,no
V254,Virginie 254,Diagnostics,Diagnostics,Proteinuria,,Poroteyine mu nkari,,Poroteyine mu nkari ni ikibazo ku mpyiko iyo utisuzumishije kare,Virginie Mpuhwezimana,Kept,"Recorded by Virginie Mpuhwezimana, 19 Aug 2026 (WHO or clinical guideline).",,WHO or clinical guideline,19 Aug 2026,Moved in (26 Sep),no
S240,Sarah 240,Diagnostics,Diagnostics,Prothrombin time,,Isuzuma ry'igihe amaraso afata,,Isuzuma ry'igihe amaraso afata kugira ngo abe akomeye,Sarah Izabayo,Kept,"Recorded by Sarah Izabayo, 18 Aug 2026 (Research document).",,Research document,18 Aug 2026,As filed,no
V243,Virginie 243,Diagnostics,Diagnostics,Red blood cell count,,Umubare w'uturemangingo tw'umutuku tw'amaraso,,Umubare w'uturemangingo tw'umutuku ntiturebeshwa amaso,Virginie Mpuhwezimana,Kept,"Recorded by Virginie Mpuhwezimana, 18 Aug 2026 (Other).",,Other,18 Aug 2026,Moved in (26 Sep),no
S234,Sarah 234,Diagnostics,Diagnostics,Serology,,Gupima amaraso harebwa ibimenyetso by'ubwandu,,Gupima amaraso harebwa ibimenyetso by'ubwandu mbere yo gutangaza icyo ari cyose birinda umurwayi,Sarah Izabayo,Kept,"Recorded by Sarah Izabayo, 18 Aug 2026 (Research document).",,Research document,18 Aug 2026,As filed,no
S233,Sarah 233,Diagnostics,Diagnostics,Serum electrolyte analysis,,Isuzuma ry'imyungugu iri mu maraso,,Isuzuma ry'imyungugu iri mu maraso ngo harebwe niba ihagije,Sarah Izabayo,Kept,"Recorded by Sarah Izabayo, 18 Aug 2026 (Research document).",,Research document,18 Aug 2026,As filed,no
S70,Sarah 70,Diagnostics,Diagnostics,Test,,Ikizamini,,Bamfashe ibizami ntegereje ibisubizo,Sarah Izabayo,Kept,"Recorded by Sarah Izabayo, 6 Aug 2026 (Community health worker).",,Community health worker,6 Aug 2026,As filed,no
S14,Sarah 14,Diagnostics,Diagnostics,To examine,,Gusuzuma,,Genda muganga abanze agusuzume.,Sarah Izabayo,Kept,"Recorded by Sarah Izabayo, 3 Aug 2026 (Other).",,Other,3 Aug 2026,As filed,no
S15,Sarah 15,Diagnostics,Diagnostics,To get an X-ray,,Guca mu cyuma,,Yabanje guca mu cyuma ngo barebe ikibazo afite.,Sarah Izabayo,Kept,"Recorded by Sarah Izabayo, 3 Aug 2026 (Other).",,Other,3 Aug 2026,As filed,no
S13,Sarah 13,Diagnostics,Diagnostics,To submit medical tests,,Gutanga ibizamini,,Mvuye kwa muganga gutanga ibizamini.,Sarah Izabayo,Kept,"Recorded by Sarah Izabayo, 3 Aug 2026 (Website or blog).",,Website or blog,3 Aug 2026,As filed,yes
S239,Sarah 239,Diagnostics,Diagnostics,Troponin test,,Isuzuma ry'imikaya y'umutima,,Isuzuma ry'imikaya y'umutima kugira ngo barebe niba itarangiritse,Sarah Izabayo,Kept,"Recorded by Sarah Izabayo, 18 Aug 2026 (Research document).",,Research document,18 Aug 2026,As filed,no
V199,Virginie 199,Diagnostics,Diagnostics,Ultrasound,,Icyuma nsuzumishamiraba njyanamajwi,,Isuzuma ry'amashusho y'imbere mu mubiri rirakenewe,Christophe Mumaragishyika,Correction,"Recorded by Virginie Mpuhwezimana, 14 Aug 2026 (Hospital or clinic). Editor's correction, September 2026; the collector's rendering is not published.","Etymology (Khris): nsuzumisha, examining with the help of; imiraba njyanamajwi, sound waves. The collector's rendering narrowed it to a pregnant woman's belly.",Hospital or clinic,14 Aug 2026,As filed,no
V253,Virginie 253,Diagnostics,Diagnostics,Urinalysis,,Isuzuma ry'inkari,,Isuzumwa ry'inkari bituma umenya uko uhagaze mu mubiri,Virginie Mpuhwezimana,Kept,"Recorded by Virginie Mpuhwezimana, 19 Aug 2026 (Other).",,Other,19 Aug 2026,As filed,no
V247,Virginie 247,Diagnostics,Diagnostics,Venipuncture,,Gutobora umutsi,,Gutobora umutsi bituma amaraso avomwa neza,Virginie Mpuhwezimana,Kept,"Recorded by Virginie Mpuhwezimana, 19 Aug 2026 (Hospital or clinic).",,Hospital or clinic,19 Aug 2026,Moved in (26 Sep),yes
S30,Sarah 30,Diagnostics,Diagnostics,Vital signs,,Ibipimo by'ingenzi by'ubuzima,,Muganga agomba kwemeza  ko umurwayi ameze neza yamaze gufata ibipimo by'ingenzi by'ubuzima,Sarah Izabayo,Kept,"Recorded by Sarah Izabayo, 4 Aug 2026 (Community health worker).",,Community health worker,4 Aug 2026,As filed,no
V242,Virginie 242,Diagnostics,Diagnostics,White blood cell count,,Ingano y'uturemangingo twera tw'amaraso,,Ingano y'uturemangingo twera tw'amaraso ntituboneshwa amaso,Virginie Mpuhwezimana,Kept,"Recorded by Virginie Mpuhwezimana, 18 Aug 2026 (Hospital or clinic).",Passes (Khris).,Hospital or clinic,18 Aug 2026,As filed,no
V110,Virginie 110,Infectious Disease,Infectious Disease,Abscess,,Ikibyimba cyaninze amashyira,,Hari ubwoko bw'ibibyimba butandukanye,Virginie Mpuhwezimana,Refinement,"Recorded by Virginie Mpuhwezimana, 10 Aug 2026 (Other). Refined by the editor, September 2026.","Etymology (Khris): kuninda, to form pus because of an infection (the cause moves out of the headword).",Other,10 Aug 2026,As filed,no
S257,Sarah 257,Infectious Disease,Infectious Disease,Antibody,,Intungamubiri zirwanya imigera,,Imibiri yacu ijya ikora intungamubiri zirwanya imigera,Sarah Izabayo,Kept,"Recorded by Sarah Izabayo, 19 Aug 2026 (Research document).",,Research document,19 Aug 2026,As filed,yes
V241,Virginie 241,Infectious Disease,Infectious Disease,Antigen,,Ibitera gukora abasirikare,,Ibitera gukora abasirikare barinda umubiri ni byinshi,Virginie Mpuhwezimana,Kept,"Recorded by Virginie Mpuhwezimana, 18 Aug 2026 (Other).",,Other,18 Aug 2026,Moved in (26 Sep),no
V332,Virginie 332,Infectious Disease,Infectious Disease,Antigen-presenting cell,,Akaremangingo kerekana umwanzi w'umubiri,,Akaremangingo kerekana umwanzi w'umubiri iyo watewe ngo witabare,Virginie Mpuhwezimana,Kept,"Recorded by Virginie Mpuhwezimana, 25 Aug 2026 (Other).",,Other,25 Aug 2026,As filed,no
S263,Sarah 263,Infectious Disease,Infectious Disease,Antimicrobial prophylaxis,,Kwirinda ubwandu hakoreshejwe imiti,,Kwirinda ubwandu hakoreshejwe imiti kugira ngo budakwirakwira,Sarah Izabayo,Kept,"Recorded by Sarah Izabayo, 19 Aug 2026 (Research document).",,Research document,19 Aug 2026,As filed,no
S247,Sarah 247,Infectious Disease,Infectious Disease,Antimicrobial resistance,,Kunanira imiti kw'umugera,,Kunanira imiti kw'umugera bikaba ngombwa ko muganga akwandikira indi,Sarah Izabayo,Kept,"Recorded by Sarah Izabayo, 19 Aug 2026 (Community health worker).",,Community health worker,19 Aug 2026,As filed,no
V219,Virginie 219,Infectious Disease,Infectious Disease,Antiseptic,,Umuti wica mikorobe,,Umuti wica mikorobe n'ingenzi mu gihe hadutse icyorezo,Virginie Mpuhwezimana,Kept,"Recorded by Virginie Mpuhwezimana, 17 Aug 2026 (Other).","Usage (Khris, 27 Sep): used on people, on skin and wounds (ku bantu); Disinfectant is for things.",Other,17 Aug 2026,As filed,no
V342,Virginie 342,Infectious Disease,Infectious Disease,Bacteremia,,Udukoko dutera indwara mu maraso,,Udukoko dutera indwara mu maraso duterwa n'indwara iri ahantu mu mubiri nko mu nkari/ibihaha,Virginie Mpuhwezimana,Kept,"Recorded by Virginie Mpuhwezimana, 25 Aug 2026 (Hospital or clinic).",,Hospital or clinic,25 Aug 2026,As filed,no
S248,Sarah 248,Infectious Disease,Infectious Disease,Coinfection,,Ubwandu bushya hejuru y'ubundi,,Ubwandu bushya hejuru y'ubundi bizonga umubiri,Sarah Izabayo,Kept,"Recorded by Sarah Izabayo, 19 Aug 2026 (Community health worker).",,Community health worker,19 Aug 2026,As filed,no
S261,Sarah 261,Infectious Disease,Infectious Disease,Contact tracing,,Gukurikirana abo umurwayi yahuye na bo,,Gukurikirana abo umurwayi yahuye na bo kugira ngo basuzumwe  cyangwa bakurikiranwe,Sarah Izabayo,Kept,"Recorded by Sarah Izabayo, 19 Aug 2026 (Research document).",,Research document,19 Aug 2026,As filed,yes
V75,Virginie 75,Infectious Disease,Infectious Disease,Contamination,,Kwanduzwa,Guhumanya,,Virginie Mpuhwezimana,Lead chosen,"Recorded by Virginie Mpuhwezimana, 6 Aug 2026 (Hospital or clinic). Lead form chosen by the editor, September 2026.","Khris: guhumanya is the verb, to contaminate. The collector's example described isolation rather than contamination, so it was dropped for the round.",Hospital or clinic,6 Aug 2026,As filed,no
V220,Virginie 220,Infectious Disease,Infectious Disease,Disinfectant,,Umuti wica mikorobe kubikoresho,,Umuti wica mikorobe kubikoresho byo kwa muganga urakenerwa,Virginie Mpuhwezimana,Kept,"Recorded by Virginie Mpuhwezimana, 17 Aug 2026 (Hospital or clinic).",,Hospital or clinic,17 Aug 2026,As filed,no
S254,Sarah 254,Infectious Disease,Infectious Disease,Droplet transmission,,Kwandura binyuze mu dutonyanga,,Birashoboka kwandura binyuze mu dutonyanga dusohoka mu myanya y'ubuhumekero,Sarah Izabayo,Kept,"Recorded by Sarah Izabayo, 19 Aug 2026 (Research document).",,Research document,19 Aug 2026,As filed,no
V216,Virginie 216,Infectious Disease,Infectious Disease,Endemic,,Indwara ihora yibanda ahantu,,Indwara ihora yibanda ahantu hanwe imara abantu,Virginie Mpuhwezimana,Kept,"Recorded by Virginie Mpuhwezimana, 17 Aug 2026 (Hospital or clinic).",,Hospital or clinic,17 Aug 2026,Editor's call (26 Sep),no
V215,Virginie 215,Infectious Disease,Infectious Disease,Epidemic,,Icyorezo,,icyorezo ni kibi cyane,Virginie Mpuhwezimana,Kept,"Recorded by Virginie Mpuhwezimana, 17 Aug 2026 (Other).",,Other,17 Aug 2026,Editor's call (26 Sep),no
S245,Sarah 245,Infectious Disease,Infectious Disease,Fungemia,,Utubumbe mu maraso,,Utubumbe mu maraso twatera umubiri kurwara ukaremba tutavuwe neza,Sarah Izabayo,Kept,"Recorded by Sarah Izabayo, 19 Aug 2026 (Community health worker).",,Community health worker,19 Aug 2026,As filed,no
S260,Sarah 260,Infectious Disease,Infectious Disease,Genotyping,,Kumenya ubwoko bw'umugera,,Kumenya ubwoko bw'umugera hakoreshejwe imiterere y'uturemangingo,Sarah Izabayo,Kept,"Recorded by Sarah Izabayo, 19 Aug 2026 (Research document).",,Research document,19 Aug 2026,As filed,no
V407,Virginie 407,Infectious Disease,Infectious Disease,Gram stain,,Uburyo bwo gutandukanya amoko y'udukoko,,Uburyo bwo gutandukanya amoko y'udukoko hakoreshejwe amabara ngo hamenywe ubwandu runaka mu bipimo byafashwe,Virginie Mpuhwezimana,Kept,"Recorded by Virginie Mpuhwezimana, 31 Aug 2026 (Hospital or clinic).",,Hospital or clinic,31 Aug 2026,As filed,no
V222,Virginie 222,Infectious Disease,Infectious Disease,Hand hygiene,,Isuku y'intoki,,Isuku y'intoki ni ngombwa buri munsi,Virginie Mpuhwezimana,Kept,"Recorded by Virginie Mpuhwezimana, 17 Aug 2026 (Other).",,Other,17 Aug 2026,As filed,yes
S262,Sarah 262,Infectious Disease,Infectious Disease,Herd immunity,,Ubudahangarwa bw'abaturage benshi,,Ubudahangarwa bw'abaturage benshi mu muryango butuma ubwandu budakwirakwira byoroshye,Sarah Izabayo,Kept,"Recorded by Sarah Izabayo, 19 Aug 2026 (Research document).",,Research document,19 Aug 2026,As filed,no
V239,Virginie 239,Infectious Disease,Infectious Disease,Immunity,,Ubudahangarwa bw'umubiri,,Ubudahangarwa bw'umubiri iyo bugabanutse birawuzahaza,Virginie Mpuhwezimana,Kept,"Recorded by Virginie Mpuhwezimana, 18 Aug 2026 (Other).",,Other,18 Aug 2026,Moved in (26 Sep),no
S251,Sarah 251,Infectious Disease,Infectious Disease,Incubation period,,Igihe cyo gutangira kugaragaza ibimenyetso,,Igihe cyo gutangira kugaragaza ibimenyetso wafashwe n'indwara runaka,Sarah Izabayo,Kept,"Recorded by Sarah Izabayo, 19 Aug 2026 (Community health worker).",,Community health worker,19 Aug 2026,As filed,no
S49,Sarah 49,Infectious Disease,Infectious Disease,Infection,,Ubwandu,,Uriya muntu afite ubwandu.,Sarah Izabayo,Kept,"Recorded by Sarah Izabayo, 5 Aug 2026 (Textbook or manual).",,Textbook or manual,5 Aug 2026,As filed,no
V137,Virginie 137,Infectious Disease,Infectious Disease,Infection control,,Ingamba nkumirabwandu,,Gufata ingamba zo gukumira no kwirinda indwara zandura hakiri kare birinda abaturage,Virginie Mpuhwezimana,Refinement,"Recorded by Virginie Mpuhwezimana, 11 Aug 2026 (Hospital or clinic). Refined by the editor, September 2026.","Etymology (Khris): ingamba, strategies; nkumira, from gukumira, to prevent; bwandu, from kwandura, infection.",Hospital or clinic,11 Aug 2026,Moved in (26 Sep),no
V213,Virginie 213,Infectious Disease,Infectious Disease,Isolation,,Akato k'abarwayi b'indwara zanduza,,Akato k'abarwayi b'indwara zanduza n'itegeko kugirango batazanduza abandi,Virginie Mpuhwezimana,Kept,"Recorded by Virginie Mpuhwezimana, 17 Aug 2026 (Ministry of Health publication).",,Ministry of Health publication,17 Aug 2026,As filed,no
V20,Virginie 20,Infectious Disease,Infectious Disease,Isolation ward,,Icyumba cy'abashyirwa ukwabo,,Abarwayi b'indwara zanduza bagira icyumba cyabo,Virginie Mpuhwezimana,Kept,"Recorded by Virginie Mpuhwezimana, 3 Aug 2026 (Hospital or clinic).",,Hospital or clinic,3 Aug 2026,As filed,no
S256,Sarah 256,Infectious Disease,Infectious Disease,Latent infection,,Ubwandu bwihishe,,Ubwandu bwihishe mu mubiri butajya bugaragaza ibimenyetso muri ako kanya,Sarah Izabayo,Kept,"Recorded by Sarah Izabayo, 19 Aug 2026 (Research document).",,Research document,19 Aug 2026,As filed,yes
S6,Sarah 6,Infectious Disease,Infectious Disease,Meningitis,,Mugiga,,Mugiga ni mbi irica.,Sarah Izabayo,Kept,"Recorded by Sarah Izabayo, 3 Aug 2026 (Website or blog).",,Website or blog,3 Aug 2026,As filed,no
V104,Virginie 104,Infectious Disease,Infectious Disease,Nosocomial infection,,Indwara yandurira mu bitaro,,Indwara yandurira mu bitaro irazahaza,Virginie Mpuhwezimana,Kept,"Recorded by Virginie Mpuhwezimana, 10 Aug 2026 (Hospital or clinic). Also recorded by Sarah Izabayo on 11 Aug 2026 as Nosocomial (row 140, dropped as a duplicate).",,Hospital or clinic,10 Aug 2026,Duplicate kept (26 Sep),no
S19,Sarah 19,Infectious Disease,Infectious Disease,Opportunistic infections,,Ibyuririzi,,Afite ibyuririzi by'indwara.,Sarah Izabayo,Kept,"Recorded by Sarah Izabayo, 3 Aug 2026 (Hospital or clinic).",,Hospital or clinic,3 Aug 2026,As filed,no
V214,Virginie 214,Infectious Disease,Infectious Disease,Outbreak,,Ikwirakwira ry'indwara mu gihe gito,,Ikwirakwira ry'indwara mu gihe gito ryica benshi,Virginie Mpuhwezimana,Kept,"Recorded by Virginie Mpuhwezimana, 17 Aug 2026 (Other).",,Other,17 Aug 2026,Editor's call (26 Sep),no
V57,Virginie 57,Infectious Disease,Infectious Disease,Pandemic,,Icyorezo cyugarije isi,,Mu myaka ishize icyorezo cya covid cyari cyugarije isi,Virginie Mpuhwezimana,Kept,"Recorded by Virginie Mpuhwezimana, 5 Aug 2026 (Hospital or clinic).",,Hospital or clinic,5 Aug 2026,Editor's call (26 Sep),no
S154,Sarah 154,Infectious Disease,Infectious Disease,Parasite,,Agakoko gatunzwe n'undi mubiri,,Ugomba kujya kwa muganga bagakuramo agakoko gatunzwe n'undi mubiri,Sarah Izabayo,Kept,"Recorded by Sarah Izabayo, 12 Aug 2026 (Research document).",,Research document,12 Aug 2026,As filed,no
S246,Sarah 246,Infectious Disease,Infectious Disease,Parasitic infection,,Ubwandu bw'udukoko tumunga,,Ubwandu bw'udukoko tumunga iyo bwamenyekanye buravurwa bugakira,Sarah Izabayo,Kept,"Recorded by Sarah Izabayo, 19 Aug 2026 (Community health worker).",,Community health worker,19 Aug 2026,As filed,no
S255,Sarah 255,Infectious Disease,Infectious Disease,Pathogen,,Umugera utera indwara,,Umuntu ashobora kugendana umugera utera indwara atabizi,Sarah Izabayo,Kept,"Recorded by Sarah Izabayo, 19 Aug 2026 (Research document).",,Research document,19 Aug 2026,As filed,no
S36,Sarah 36,Infectious Disease,Infectious Disease,Plasmodium vivax,,Agakoko gatera malariya,,"Mu bizamini by'amaraso bakoreye umurwayi, basanze harimo agakoko gatera malariya, niyo mpamvu bahise bamuha imiti yo kuyivura.",Sarah Izabayo,Kept,"Recorded by Sarah Izabayo, 4 Aug 2026 (Research document).",,Research document,4 Aug 2026,As filed,yes
V134,Virginie 134,Infectious Disease,Infectious Disease,Quarantine,,Gushyirwa mu kato,,Gushyirwa mu kato birinda ikwirakwizwa kw'icyorezo,Virginie Mpuhwezimana,Kept,"Recorded by Virginie Mpuhwezimana, 11 Aug 2026 (Hospital or clinic).",,Hospital or clinic,11 Aug 2026,Moved in (26 Sep),no
S249,Sarah 249,Infectious Disease,Infectious Disease,Reinfection,,Kongera gufatwa n'ubwandu,,Kongera gufatwa n'ubwandu bumwe nyuma yo gukira,Sarah Izabayo,Kept,"Recorded by Sarah Izabayo, 19 Aug 2026 (Community health worker).",,Community health worker,19 Aug 2026,As filed,no
S250,Sarah 250,Infectious Disease,Infectious Disease,Relapse,,Kongera kugaruka kw'indwara,,Kongera kugaruka kw'indwara nyuma yo kuba yaragabanutse cyangwa yarakize,Sarah Izabayo,Kept,"Recorded by Sarah Izabayo, 19 Aug 2026 (Community health worker).",,Community health worker,19 Aug 2026,As filed,no
S276,Sarah 276,Infectious Disease,Infectious Disease,Scabies,,Indwara y'udukoko twinjira mu ruhu,,Indwara y'udukoko twinjira mu ruhu twatewe no kwisiga ibyangiza uruhu,Sarah Izabayo,Kept,"Recorded by Sarah Izabayo, 20 Aug 2026 (Community health worker).",,Community health worker,20 Aug 2026,Editor's call (26 Sep),yes
V122,Virginie 122,Infectious Disease,Infectious Disease,Sepsis,,Uburozi bwo mu maraso,,Uburozi bwo mu maraso akenshi buturuka mu ndwara zandura,Virginie Mpuhwezimana,Kept,"Recorded by Virginie Mpuhwezimana, 10 Aug 2026 (Other).",,Other,10 Aug 2026,Moved in (26 Sep),no
S258,Sarah 258,Infectious Disease,Infectious Disease,Seropositive,,Kugira ikimenyetso mu maraso,,Isuzuma ryerekana kugira ikimenyetso runaka mu maraso,Sarah Izabayo,Kept,"Recorded by Sarah Izabayo, 19 Aug 2026 (Research document).",,Research document,19 Aug 2026,As filed,no
S10,Sarah 10,Infectious Disease,Infectious Disease,Sexually transmitted disease (STD),,Indwara zandurira mu mibonano mpuzabitsina,,Ibuka gukoresha ubwirinzi utakira indwara zandurira mu mibonano mpuzabitsina.,Sarah Izabayo,Kept,"Recorded by Sarah Izabayo, 3 Aug 2026 (Textbook or manual).",,Textbook or manual,3 Aug 2026,Editor's call (26 Sep),no
V221,Virginie 221,Infectious Disease,Infectious Disease,Sterilization,,Kwica mikorobe ku bintu,,Kwica mikorobe ku bintu birakenerwa,Virginie Mpuhwezimana,Lead chosen,"Recorded by Virginie Mpuhwezimana, 17 Aug 2026 (Patient conversation). Lead form chosen by the editor, September 2026.",Khris: sterilization is done on things; abantu moves to the Antiseptic entry's context.,Patient conversation,17 Aug 2026,Moved in (26 Sep),no
S5,Sarah 5,Infectious Disease,Infectious Disease,Tetanus,,Agakwega,,Mwibuke gukingira umwana agakwega.,Sarah Izabayo,Kept,"Recorded by Sarah Izabayo, 3 Aug 2026 (Community health worker).",,Community health worker,3 Aug 2026,Moved in (26 Sep),no
S252,Sarah 252,Infectious Disease,Infectious Disease,Transmission,,Ukwandura,,Ukwandura indwara runaka,Sarah Izabayo,Kept,"Recorded by Sarah Izabayo, 19 Aug 2026 (Community health worker).",,Community health worker,19 Aug 2026,As filed,no
S253,Sarah 253,Infectious Disease,Infectious Disease,Vertical transmission,,Kwandura k'umwana kuva ku mubyeyi,,"Kwandura k'umwana kuva ku mubyeyi mu gihe cyo gutwita, kubyara cyangwa konsa",Sarah Izabayo,Kept,"Recorded by Sarah Izabayo, 19 Aug 2026 (Research document).",,Research document,19 Aug 2026,As filed,no
S259,Sarah 259,Infectious Disease,Infectious Disease,Viral load,,Ingano ya virusi mu mubiri,,Kureba Ingano ya virusi mu mubiri w'umurwayi uko ingana mbere yo guhabwa imiti,Sarah Izabayo,Kept,"Recorded by Sarah Izabayo, 19 Aug 2026 (Research document).",,Research document,19 Aug 2026,As filed,no
S244,Sarah 244,Infectious Disease,Infectious Disease,Viremia,,Virusi mu maraso,,Muganga yamusanzemo virusi mu maraso,Sarah Izabayo,Kept,"Recorded by Sarah Izabayo, 19 Aug 2026 (Textbook or manual).",,Textbook or manual,19 Aug 2026,As filed,no
S9,Sarah 9,Infectious Disease,Infectious Disease,Virus,,Agakoko,Umugera / Virusi,Wirinde gukwirakwiza agakoko.,Sarah Izabayo,Kept,"Recorded by Sarah Izabayo, 3 Aug 2026 (Textbook or manual).",Variants added by Khris. Umugera is said to be used more in Kirundi; virusi is the form in Viremia and Viral load.,Textbook or manual,3 Aug 2026,As filed,no
V76,Virginie 76,Infectious Disease,Infectious Disease,Zoonosis,,Indwara z'inyamanswa zanduza,,Indwara z'inyamanswa zanduza ababana nazo mu ngo,Virginie Mpuhwezimana,Kept,"Recorded by Virginie Mpuhwezimana, 6 Aug 2026 (Patient conversation).",,Patient conversation,6 Aug 2026,Moved in (26 Sep),no
S222,Sarah 222,Obstetrics,Obstetrics,Amniocentesis,,Gusuzuma amazi akikije umwana mu nda,,Gusuzuma amazi akikije umwana mu nda ni ngombwa Kubera byerekana imibereho ye akiri mu nda,Sarah Izabayo,Kept,"Recorded by Sarah Izabayo, 17 Aug 2026 (Research document).",,Research document,17 Aug 2026,As filed,no
V151,Virginie 151,Obstetrics,Obstetrics,Amniotic fluid,,Amazi nderanda,,Amazi nderanda afasha umwana gukura neza,Virginie Mpuhwezimana,Kept,"Recorded by Virginie Mpuhwezimana, 12 Aug 2026 (Hospital or clinic).",,Hospital or clinic,12 Aug 2026,As filed,yes
V167,Virginie 167,Obstetrics,Obstetrics,Antenatal care,,Ubuvuzi bwo gukurikirana umugore utwite,,Ubuvuzi bwo gukurikirana umugore utwite ni ingenzi kugirango agire ubuzimz bwiza,Virginie Mpuhwezimana,Kept,"Recorded by Virginie Mpuhwezimana, 13 Aug 2026 (WHO or clinical guideline).",,WHO or clinical guideline,13 Aug 2026,Moved in (26 Sep),no
V163,Virginie 163,Obstetrics,Obstetrics,Apgar score,,Ipimwa ry'ubuzima bw'uruhinja rukivuka,,"Ipimwa ry'uruhinja rukivuka rugomba gupimwa umutima, guhumeka, n'ibindi",Virginie Mpuhwezimana,Kept,"Recorded by Virginie Mpuhwezimana, 12 Aug 2026 (Hospital or clinic).",,Hospital or clinic,12 Aug 2026,As filed,no
V231,Virginie 231,Obstetrics,Obstetrics,Birth asphyxia,,Kubura umwuka k'umwana ukivuka,,Kubura umwuka k'umwana ukivuka bitera ubwoba abari kumwitaho,Virginie Mpuhwezimana,Kept,"Recorded by Virginie Mpuhwezimana, 18 Aug 2026 (WHO or clinical guideline).",,WHO or clinical guideline,18 Aug 2026,Editor's call (26 Sep),no
S216,Sarah 216,Obstetrics,Obstetrics,Breech presentation,,Kubanza amaguru umwana avuka,,Ni gake ko habaho kubanza amaguru umwana avuka,Sarah Izabayo,Kept,"Recorded by Sarah Izabayo, 17 Aug 2026 (Research document).",,Research document,17 Aug 2026,As filed,no
S221,Sarah 221,Obstetrics,Obstetrics,Cardiotocography,,Gukurikirana umutima w'umwana,,Gukurikirana umutima w'umwana n'ibise by'umubyeyi hakoreshejwe igikoresho,Sarah Izabayo,Kept,"Recorded by Sarah Izabayo, 17 Aug 2026 (Research document).",,Research document,17 Aug 2026,As filed,no
V152,Virginie 152,Obstetrics,Obstetrics,Cephalopelvic disproportion,,Ubuto bw'amatako mu kwakira ingano y'umutwe w'uruhinja ruvuka,,Ubuto bw'amatako mu kwakira ingano y'umutwe w'uruhinja butuma umwana ufite umutwe munini bigorana kuvuka,Virginie Mpuhwezimana,Kept,"Recorded by Virginie Mpuhwezimana, 12 Aug 2026 (Patient conversation).",,Patient conversation,12 Aug 2026,As filed,yes
V39,Virginie 39,Obstetrics,Surgery,Cesarean section,,Kubyara ubazwe,,Kubyara ubazwe akenshi bigira ingaruka mbi ku mubyeyi,Virginie Mpuhwezimana,Kept,"Recorded by Virginie Mpuhwezimana, 4 Aug 2026 (Hospital or clinic).",,Hospital or clinic,4 Aug 2026,Editor's call (26 Sep),yes
S218,Sarah 218,Obstetrics,Obstetrics,Chorioamnionitis,,Ubwandu bw'ibice bikikije umwana,,Muganga yabonye ubwandu bw'ibice bikikije umwana n'amazi ye,Sarah Izabayo,Kept,"Recorded by Sarah Izabayo, 17 Aug 2026 (Research document).",,Research document,17 Aug 2026,As filed,no
V40,Virginie 40,Obstetrics,Obstetrics,Delivery,,Kubyara,,Kubyara umwana muzima bishimisha umuryango,Virginie Mpuhwezimana,Kept,"Recorded by Virginie Mpuhwezimana, 4 Aug 2026 (Radio or TV).",,Radio or TV,4 Aug 2026,As filed,no
V150,Virginie 150,Obstetrics,Obstetrics,Ectopic pregnancy,,Gutwitira mu matako,Gutwitira hanze,,Christophe Mumaragishyika,Correction,"Recorded by Virginie Mpuhwezimana, 12 Aug 2026 (Hospital or clinic). Editor's correction, September 2026; the collector's rendering is not published.",Khris: the Kinyarwanda name of the condition. The collector's rendering used nyababyeyi for the uterus.,Hospital or clinic,12 Aug 2026,As filed,no
V244,Virginie 244,Obstetrics,Obstetrics,Epidural,,Ikinya cyo mu mugongo,,Ikinyanya cyo mu mugongo kirababaza,Virginie Mpuhwezimana,Kept,"Recorded by Virginie Mpuhwezimana, 19 Aug 2026 (Other).",,Other,19 Aug 2026,As filed,no
S211,Sarah 211,Obstetrics,Obstetrics,Fetal distress,,Umwuka udahagije ku mwana mu nda,,Ibimenyetso byerekana umwuka udahagije ku mwana mu nda,Sarah Izabayo,Kept,"Recorded by Sarah Izabayo, 17 Aug 2026 (Research document).",,Research document,17 Aug 2026,As filed,no
S219,Sarah 219,Obstetrics,Obstetrics,Fetomaternal hemorrhage,,Kwivanga kw'amaraso y'umwana na nyina,,Mu gihe cyo kubyara habayeho kwivanga kw'amaraso y'umwana na nyina,Sarah Izabayo,Kept,"Recorded by Sarah Izabayo, 17 Aug 2026 (Research document).",,Research document,17 Aug 2026,As filed,no
V44,Virginie 44,Obstetrics,Obstetrics,Fetus,,Inda yabaye umuntu,,,Christophe Mumaragishyika,Definition to headword,"Recorded by Virginie Mpuhwezimana, 5 Aug 2026 (Community health worker). Headword by the editor, September 2026; the collector's description kept as a note.","Khris: Urusoro is the embryo up to the ninth week; inda yabaye umuntu is the fetus. Collector's description, moved from the headword: Uruhinja ruri mu nda y'umubyeyi kuva ku cyumweru cya cyenda kugeza avutse. Her example was dropped for the round: it did not name the fetus.",Community health worker,5 Aug 2026,As filed,no
V5,Virginie 5,Obstetrics,Obstetrics,Gestational diabetes,,Diabetes iboneka ku mugore utwite,,Diabetes iboneka ku mugore utwite iyo itagenzuwe ishobora guteza ibibazo k'umubyeyi n'umwana,Virginie Mpuhwezimana,Kept,"Recorded by Virginie Mpuhwezimana, 3 Aug 2026 (Hospital or clinic).",,Hospital or clinic,3 Aug 2026,Moved in (26 Sep),no
S45,Sarah 45,Obstetrics,Obstetrics,Intrauterine growth restriction,,Kudakura k'umwana ku gipimo gitegerejwe,,Iyo umwana ari mu nda hajya habaho kudakura k'umwana ku gipimo gitegerejwe,Sarah Izabayo,Kept,"Recorded by Sarah Izabayo, 5 Aug 2026 (Other).",,Other,5 Aug 2026,As filed,no
S76,Sarah 76,Obstetrics,Obstetrics,Labor,,Kwitegura kubyara,,Banshyise mu cyumba mpita ntangira kwitegura ku byara,Sarah Izabayo,Kept,"Recorded by Sarah Izabayo, 6 Aug 2026 (Research document).",,Research document,6 Aug 2026,Moved in (26 Sep),no
V41,Virginie 41,Obstetrics,Obstetrics,Labor pain,,Ibise,,Iyo ibise byabaye bike ku mubyeyi ugiye kubyara muganga arabimwongerera,Virginie Mpuhwezimana,Kept,"Recorded by Virginie Mpuhwezimana, 4 Aug 2026 (Consent form).",,Consent form,4 Aug 2026,As filed,no
S77,Sarah 77,Obstetrics,Obstetrics,Midwife,,Umubyaza,,Ababyaza baba barushye,Sarah Izabayo,Kept,"Recorded by Sarah Izabayo, 6 Aug 2026 (Other).",,Other,6 Aug 2026,As filed,no
S214,Sarah 214,Obstetrics,Obstetrics,Obstructed labor,,Kugorana kubyara,,Kugorana kubyara kubera ko umwana atabasha kunyura mu nzira ibyara,Sarah Izabayo,Kept,"Recorded by Sarah Izabayo, 17 Aug 2026 (Research document).",,Research document,17 Aug 2026,As filed,no
V43,Virginie 43,Obstetrics,Anatomy,Placenta,,Nyababyeyi,Ingobyi,,Virginie Mpuhwezimana,Refinement,"Recorded by Virginie Mpuhwezimana, 4 Aug 2026 (WHO or clinical guideline). Refined by the editor, September 2026.","The description after the collector's word was removed. Khris: nyababyeyi is the placenta, umura the uterus; ingobyi is a variant for the placenta.",WHO or clinical guideline,4 Aug 2026,Editor's call (26 Sep),no
S210,Sarah 210,Obstetrics,Obstetrics,Placental abruption,Abruptio placentae,Gutandukana kw'ingobyi n'umura,,Habayeho gutandukana kw'ingobyi n'umura mbere yo kubyara,Sarah Izabayo,Kept,"Recorded by Sarah Izabayo, 17 Aug 2026 (Research document). Recorded again by Sarah Izabayo on 26 Aug 2026 as Placental abruption (row 359, dropped as a duplicate).",,Research document,17 Aug 2026,As filed,no
S213,Sarah 213,Obstetrics,Obstetrics,Post-term pregnancy,,Gutwita birenze igihe,,Gutwita birenze igihe cy'ibyumweru 42,Sarah Izabayo,Kept,"Recorded by Sarah Izabayo, 17 Aug 2026 (Research document).",,Research document,17 Aug 2026,As filed,yes
V166,Virginie 166,Obstetrics,Obstetrics,Postpartum hemorrhage,,Kuva cyane nyuma yo kubyara,,Kuva cyane nyuma yo kubyara bishobora guhitana umubyeyi adakurikiranwe,Virginie Mpuhwezimana,Kept,"Recorded by Virginie Mpuhwezimana, 13 Aug 2026 (Hospital or clinic).",,Hospital or clinic,13 Aug 2026,Moved in (26 Sep),no
V165,Virginie 165,Obstetrics,Obstetrics,Preeclampsia,,Indwara y'umuvuduko w'amaraso k'utwite,,Indwara y'umuvuduko w'amaraso k'utwite igomba gusuzumwa kenshi kugirango umubyeyi n'umwana bakomeze kumera neza,Virginie Mpuhwezimana,Kept,"Recorded by Virginie Mpuhwezimana, 13 Aug 2026 (Other).",,Other,13 Aug 2026,As filed,no
S212,Sarah 212,Obstetrics,Obstetrics,Preterm labor,,Ibise bitangira mbere,,Ibise bitangira mbere y'ibyumweru 37,Sarah Izabayo,Kept,"Recorded by Sarah Izabayo, 17 Aug 2026 (Research document).",,Research document,17 Aug 2026,As filed,no
S220,Sarah 220,Obstetrics,Obstetrics,Stillbirth,,Kuvuka k'umwana wapfuye,,Kudakurikirana umutima w'umwana bishobora gutuma habaho kuvuka k'umwana wapfuye,Sarah Izabayo,Kept,"Recorded by Sarah Izabayo, 17 Aug 2026 (Research document).",,Research document,17 Aug 2026,As filed,no
S217,Sarah 217,Obstetrics,Obstetrics,Transverse lie,,Kwitambika k'umwana mu nda,,Nyuma yo guca mu cyuma habonetse kwitambika k'umwana mu nda,Sarah Izabayo,Kept,"Recorded by Sarah Izabayo, 17 Aug 2026 (Research document).",,Research document,17 Aug 2026,As filed,yes
V37,Virginie 37,Obstetrics,Obstetrics,Triplets,,Impanga z'abana batatu,,Abana batatu b'impanga iyo bakuriiye rimwe baba bashimishije,Virginie Mpuhwezimana,Kept,"Recorded by Virginie Mpuhwezimana, 4 Aug 2026 (Consent form).",,Consent form,4 Aug 2026,As filed,no
V38,Virginie 38,Obstetrics,Obstetrics,Twins,,Impanga z'abana babiri,,Impanga z'abana babiri ziragorana kuzirera,Virginie Mpuhwezimana,Kept,"Recorded by Virginie Mpuhwezimana, 4 Aug 2026 (Patient conversation).",,Patient conversation,4 Aug 2026,As filed,no
V42,Virginie 42,Obstetrics,Anatomy,Umbilical cord,,Urureri rufashe ku mukondo w'umwana,,Urureri cyangwa urura ruhuza uruhinja na nyababyeyi akiri mu nda ya nyina n'ingenzi kuko bituma agerwaho n'intunga mubiri zihagije,Virginie Mpuhwezimana,Kept,"Recorded by Virginie Mpuhwezimana, 4 Aug 2026 (Other).",,Other,4 Aug 2026,Editor's call (26 Sep),yes
V310,Virginie 310,Obstetrics,Obstetrics,Uterus,,Umura,,,Christophe Mumaragishyika,Definition to headword,"Recorded by Virginie Mpuhwezimana, 24 Aug 2026 (Hospital or clinic). Headword by the editor, September 2026; the collector's description kept as a note.","Khris: umura is the uterus. Collector's description, moved from the headword: Aho umwana akurira mu nda. Her example was dropped for the round: it used the description, not umura.",Hospital or clinic,24 Aug 2026,As filed,no
V204,Virginie 204,Pharmacology,Pharmacology,Adherence,,Iyubahirizamabwiriza ya muganga,,Iyubahirizamabwiriza ya muganga ni ngombwa,Virginie Mpuhwezimana,Kept,"Recorded by Virginie Mpuhwezimana, 17 Aug 2026 (Hospital or clinic).",,Hospital or clinic,17 Aug 2026,As filed,no
S149,Sarah 149,Pharmacology,Pharmacology,Adverse effect,,Ingaruka mbi z'umuti,,Banza umenye ingaruka mbi z'umuti mbere y'uko uwukoresha,Sarah Izabayo,Kept,"Recorded by Sarah Izabayo, 12 Aug 2026 (Research document).",,Research document,12 Aug 2026,As filed,no
V218,Virginie 218,Pharmacology,Pharmacology,Analgesia,,Kugabanya ububabare,Gukuraho ububabare,Kugabanya ububabare bikorwa no kwa muganga,Virginie Mpuhwezimana,Lead chosen,"Recorded by Virginie Mpuhwezimana, 17 Aug 2026 (Hospital or clinic). Lead form chosen by the editor, September 2026.",Lead chosen by Khris from the collector's two forms; the example follows the lead.,Hospital or clinic,17 Aug 2026,Editor's call (26 Sep),no
V196,Virginie 196,Pharmacology,Pharmacology,Analgesic,,Umuti ugabanya ububabare,,Umuti ugabanya ububabare ni mwiza,Virginie Mpuhwezimana,Kept,"Recorded by Virginie Mpuhwezimana, 14 Aug 2026 (Hospital or clinic).",,Hospital or clinic,14 Aug 2026,As filed,yes
S151,Sarah 151,Pharmacology,Pharmacology,Anti-inflammatory,,Umuti ugabanya kubyimba,,Muganga yamuhaye umuti ugabanya kubyimba ku kaguru,Sarah Izabayo,Kept,"Recorded by Sarah Izabayo, 12 Aug 2026 (Research document).",,Research document,12 Aug 2026,As filed,yes
S72,Sarah 72,Pharmacology,Pharmacology,Antibiotics,,Umuti urwanya bagiteri,,Gura uwo muti ugabanya bagiteri tugende,Sarah Izabayo,Kept,"Recorded by Sarah Izabayo, 6 Aug 2026 (Community health worker).",,Community health worker,6 Aug 2026,As filed,no
V192,Virginie 192,Pharmacology,Pharmacology,Anticoagulant,,Umuti ugabanya kwibumba kw'amaraso,,Umuti ugabanya kwibumba kw'amaraso urakenewe,Virginie Mpuhwezimana,Kept,"Recorded by Virginie Mpuhwezimana, 14 Aug 2026 (Hospital or clinic).",,Hospital or clinic,14 Aug 2026,As filed,no
V331,Virginie 331,Pharmacology,Pharmacology,Anticoagulation,,Gukumira ivura ry'amaraso,,Gukumira ivura ry'amaraso bifasha kurema utubumbe twafunga imitsi y'amaraso,Virginie Mpuhwezimana,Kept,"Recorded by Virginie Mpuhwezimana, 25 Aug 2026 (Hospital or clinic).",,Hospital or clinic,25 Aug 2026,As filed,no
S150,Sarah 150,Pharmacology,Pharmacology,Antipyretic,,Umuti ugabanya umuriro,,Umuti ugabanya umuriro mwinshi ku bana,Sarah Izabayo,Kept,"Recorded by Sarah Izabayo, 12 Aug 2026 (Research document).",,Research document,12 Aug 2026,As filed,yes
S147,Sarah 147,Pharmacology,Pharmacology,Bioavailability,,Ingano y'umuti igera mu maraso,,Biba byiza iyo umurwayi asobanuriwe Ingano y'umuti igera mu maraso,Sarah Izabayo,Kept,"Recorded by Sarah Izabayo, 12 Aug 2026 (Research document).",,Research document,12 Aug 2026,As filed,no
V350,Virginie 350,Pharmacology,Pharmacology,Buffer solution,,Umuti ushaririye,,Umuti ushaririye bifasha kugumana umwimerere wawo,Virginie Mpuhwezimana,Kept,"Recorded by Virginie Mpuhwezimana, 26 Aug 2026 (Textbook or manual).",,Textbook or manual,26 Aug 2026,As filed,no
S153,Sarah 153,Pharmacology,Pharmacology,Compliance,,Gukurikiza amabwiriza yo gufata imiti,,Mbere y'uko unywa umuti banza usome uburyo bwo gukurikiza amabwiriza yo gufata imiti,Sarah Izabayo,Kept,"Recorded by Sarah Izabayo, 12 Aug 2026 (Research document).",,Research document,12 Aug 2026,As filed,no
S148,Sarah 148,Pharmacology,Pharmacology,Contraindication,,Impamvu ituma umuti udakwiriye gukoreshwa,,Zimwe mu Impamvu ituma umuti udakwiriye gukoreshwa harimo kuba wararengeje igihe,Sarah Izabayo,Kept,"Recorded by Sarah Izabayo, 12 Aug 2026 (Research document).",,Research document,12 Aug 2026,As filed,no
V375,Virginie 375,Pharmacology,Pharmacology,Cytotoxicity,,Icyangiza uturemangingo,,Icyangiza uturemangingo gishobora kutwica nk'imiti ishobora kwangiza tumwe na tumwe,Virginie Mpuhwezimana,Kept,"Recorded by Virginie Mpuhwezimana, 27 Aug 2026 (Other).",,Other,27 Aug 2026,As filed,no
V184,Virginie 184,Pharmacology,Pharmacology,Dosage,,Ingano y'umuti unyobwa,,Ingano y'umuti unyobwa 500mg,Virginie Mpuhwezimana,Kept,"Recorded by Virginie Mpuhwezimana, 14 Aug 2026 (Hospital or clinic).",,Hospital or clinic,14 Aug 2026,As filed,no
V209,Virginie 209,Pharmacology,Pharmacology,Drug interaction,,Ingaruka z'imiti myinshi,,Ingaruka z'imiti myinshi zizahaza umubiri,Virginie Mpuhwezimana,Kept,"Recorded by Virginie Mpuhwezimana, 17 Aug 2026 (Hospital or clinic).",,Hospital or clinic,17 Aug 2026,As filed,no
V304,Virginie 304,Pharmacology,Pharmacology,Folic acid,,Ifasharema uturemangingo,,Ifasharema uturemangingo tw'amaraso n'ingenzi mu mubiri,Virginie Mpuhwezimana,Kept,"Recorded by Virginie Mpuhwezimana, 24 Aug 2026 (Textbook or manual).",,Textbook or manual,24 Aug 2026,Editor's call (26 Sep),no
V183,Virginie 183,Pharmacology,Pharmacology,Intravenous,,Njyamitsi,,,Christophe Mumaragishyika,Correction,"Recorded by Virginie Mpuhwezimana, 13 Aug 2026 (Hospital or clinic). Editor's correction, September 2026; the collector's rendering is not published.","Etymology (Khris): njya-, from kujya (through), already marks the channel; mitsi, from imitsi (veins).",Hospital or clinic,13 Aug 2026,As filed,no
S57,Sarah 57,Pharmacology,Pharmacology,Medicine,,Umuti,,Uwo muti uwufate uko bikwiye.,Sarah Izabayo,Kept,"Recorded by Sarah Izabayo, 5 Aug 2026 (Textbook or manual).",,Textbook or manual,5 Aug 2026,As filed,no
V205,Virginie 205,Pharmacology,Pharmacology,Overdose,,Kunywa imiti myinshi,,Kunywa imiti myinshi byangiza umubiri,Virginie Mpuhwezimana,Kept,"Recorded by Virginie Mpuhwezimana, 17 Aug 2026 (Hospital or clinic).",,Hospital or clinic,17 Aug 2026,Editor's call (26 Sep),no
V208,Virginie 208,Pharmacology,Pharmacology,Pharmacist,,Uwize ibyo gutanga imiti,,Uwize ibyo gutanga imiti abikora neza,Virginie Mpuhwezimana,Kept,"Recorded by Virginie Mpuhwezimana, 17 Aug 2026 (WHO or clinical guideline).",,WHO or clinical guideline,17 Aug 2026,As filed,no
S146,Sarah 146,Pharmacology,Pharmacology,Pharmacokinetics,,Urusobe rw'uko umubiri uyobokwa n'imiti,,Ubushakashatsi bwagaragaje uko umubiri wakira kandi ugatunganya umuti,Sarah Izabayo,Refinement,"Recorded by Sarah Izabayo, 12 Aug 2026 (Research document). Refined by the editor, September 2026.",Khris: kuyobokwa covers the body's whole processing of medicines (also used for food). Direction confirmed: what the body does to the medicine.,Research document,12 Aug 2026,As filed,yes
V197,Virginie 197,Pharmacology,Pharmacology,Prescription,,Urupapuro rw'imiti y'umurwayi,,Urupapuro rw'imiti y'umurwayi ni ngombwa,Virginie Mpuhwezimana,Kept,"Recorded by Virginie Mpuhwezimana, 14 Aug 2026 (Hospital or clinic).",,Hospital or clinic,14 Aug 2026,As filed,yes
V125,Virginie 125,Pharmacology,Pharmacology,Prophylaxis,,Gukumira indwara,,Gukumira kare indwara bigira akamaro,Virginie Mpuhwezimana,Kept,"Recorded by Virginie Mpuhwezimana, 11 Aug 2026 (Hospital or clinic).",,Hospital or clinic,11 Aug 2026,Editor's call (26 Sep),no
S145,Sarah 145,Pharmacology,Pharmacology,Route of administration,,Uburyo umuti winjizwa mu mubiri,,Abanyeshuri biga ikiganga bigishijwe uburyo umuti winjizwa mu mubiri,Sarah Izabayo,Kept,"Recorded by Sarah Izabayo, 12 Aug 2026 (Research document).",,Research document,12 Aug 2026,As filed,no
S152,Sarah 152,Pharmacology,Pharmacology,Sedative,,Umuti usinziriza,,Hari ubwo umuti usinziriza ukoreshwa nabi,Sarah Izabayo,Kept,"Recorded by Sarah Izabayo, 12 Aug 2026 (Research document).",,Research document,12 Aug 2026,As filed,yes
S73,Sarah 73,Pharmacology,Pharmacology,Syrup,,Umuti w'Ikivuguto,,Uyu muti w'ikivuguto akenshi uba uryohera,Sarah Izabayo,Kept,"Recorded by Sarah Izabayo, 6 Aug 2026 (Community health worker).",,Community health worker,6 Aug 2026,As filed,no
S58,Sarah 58,Pharmacology,Pharmacology,Tablet,,Ikinini,,Ikinini kivura umutwe.,Sarah Izabayo,Kept,"Recorded by Sarah Izabayo, 5 Aug 2026 (Textbook or manual).",,Textbook or manual,5 Aug 2026,As filed,no
S16,Sarah 16,Pharmacology,Pharmacology,To give an injection,,Gutera urushinge,,Atinya guterwa urushinge.,Sarah Izabayo,Kept,"Recorded by Sarah Izabayo, 3 Aug 2026 (Other).",,Other,3 Aug 2026,Moved in (19 or 26 Sep),no
V193,Virginie 193,Pharmacology,Pharmacology,Vasodilator,,Umuti wagura imitsi y'amaraso,,Umuti wagura imitsi y'amaraso urinda umuvuduko,Virginie Mpuhwezimana,Kept,"Recorded by Virginie Mpuhwezimana, 14 Aug 2026 (Hospital or clinic).",,Hospital or clinic,14 Aug 2026,As filed,no
